セブン‐イレブン／豊橋高師本郷町店,愛知県豊橋市高師本郷町字竹ノ内７１
ファミリーマート／新豊橋駅店,愛知県豊橋市駅前大通１丁目１３８
ローソン／豊橋天伯店,愛知県豊橋市天伯町字高田山５７－１
セブン‐イレブン／豊橋神野新田町店,愛知県豊橋市神野新田町字ヌノ割３８－１
ファミリーマート／豊橋江島店,愛知県豊橋市江島町１４１－１
セブン‐イレブン／豊橋広小路２丁目店,愛知県豊橋市広小路２丁目９－１－１Ｆ
セブン‐イレブン／豊橋高洲町店,愛知県豊橋市高洲町字高洲１１７－１
セブン‐イレブン／豊橋西岩田２丁目店,愛知県豊橋市西岩田２丁目１－１
セブン‐イレブン／豊橋つつじが丘店,愛知県豊橋市つつじが丘３丁目３６－６
ローソン／豊橋老津店,愛知県豊橋市老津町字沖田７３－３
ファミリーマート／豊橋柱八番町店,愛知県豊橋市柱八番町４７
セブン‐イレブン／豊橋東脇店,愛知県豊橋市東脇１丁目２１－９
セブン‐イレブン／豊橋草間町店,愛知県豊橋市草間町字平南７－１
セブン‐イレブン／豊橋石巻本町店,愛知県豊橋市石巻本町字北市場４５－６
ローソン／豊橋二川店,愛知県豊橋市大岩町字小山塚６２－８
セブン‐イレブン／豊橋忠興店,愛知県豊橋市忠興１丁目５－１６
セブン‐イレブン／豊橋仁連木町店,愛知県豊橋市仁連木町１８６－５
ファミリーマート／豊橋大清水店,愛知県豊橋市大清水町字大清水２３８－３
セブン‐イレブン／豊橋北山町店,愛知県豊橋市北山町字東浦７－４２
ファミリーマート／豊橋井原店,愛知県豊橋市井原町１０７－２
ファミリーマート／豊橋岩屋町店,愛知県豊橋市岩屋町字岩屋下３８－４
ファミリーマート／豊橋旭店,愛知県豊橋市旭町１００
ミニストップ／豊橋技科大前店,愛知県豊橋市天伯町字東天伯６０－６
ファミリーマート／西岩田店,愛知県豊橋市西岩田５丁目１１－７
ファミリーマート／豊橋富士見台店,愛知県豊橋市富士見台３丁目２８－１
ファミリーマート／豊橋問屋町店,愛知県豊橋市神野新田町字スノ割４１－４
ファミリーマート／豊橋花中店,愛知県豊橋市花中町４９－３
ファミリーマート／豊橋原町店,愛知県豊橋市原町字塘上２－２
ミニストップ／豊橋杉山町店,愛知県豊橋市杉山町字外張６５－３
ローソン／豊橋日色野店,愛知県豊橋市日色野町字新切１２－１
セブン‐イレブン／豊橋立花町店,愛知県豊橋市立花町５２
ファミリーマート／豊橋瓜郷前川店,愛知県豊橋市瓜郷町前川４０－１
ローソンストア１００／豊橋曙店,愛知県豊橋市西幸町字浜池７－２
ファミリーマート／豊橋豊清町店,愛知県豊橋市豊清町字籠田２３－５８
ローソン／豊橋駅前店,愛知県豊橋市広小路１丁目４０
セブン‐イレブン／豊橋前芝町店,愛知県豊橋市前芝町字山内２５－２
ミニストップ／豊橋曙町店,愛知県豊橋市曙町字測点１４９－１
セブン‐イレブン／豊橋大山町店,愛知県豊橋市大山町字東大山１２６－３
ファミリーマート／ホテルアソシア豊橋店,愛知県豊橋市花田町字西宿
セブン‐イレブン／豊橋西岩田６丁目店,愛知県豊橋市西岩田６丁目１６－８
ミニストップ／豊橋牛川町店,愛知県豊橋市牛川町字西側６６－１
ファミリーマート／豊橋東岩田三丁目店,愛知県豊橋市東岩田３丁目１５－６
セブン‐イレブン／豊橋二川南店,愛知県豊橋市大岩町字前田４３－１
ファミリーマート／豊橋曙町店,愛知県豊橋市曙町字南松原７８－６
ミニストップ／豊橋駒形町店,愛知県豊橋市駒形町字海中７３－１
ローソン／豊橋東幸店,愛知県豊橋市東幸町字東明１３２
セブン‐イレブン／豊橋横須賀町店,愛知県豊橋市横須賀町野田２７－１
ファミリーマート／豊橋松葉町店,愛知県豊橋市松葉町１丁目５３
ファミリーマート／豊橋白河町店,愛知県豊橋市白河町８４－１
ファミリーマート／豊橋下条東町店,愛知県豊橋市下条東町字広間１２５－１
ローソン／豊橋佐藤三丁目店,愛知県豊橋市佐藤３丁目１５－８
ファミリーマート／豊橋多米東町三丁目店,愛知県豊橋市多米東町３丁目３４－２
ファミリーマート／豊橋野依インター店,愛知県豊橋市野依町字井原９９－４
セブン‐イレブン／豊橋柱三番町店,愛知県豊橋市柱四番町１２３
ファミリーマート／豊橋佐藤一丁目店,愛知県豊橋市佐藤１丁目１１－１３
ファミリーマート／豊橋東幸店,愛知県豊橋市東幸町字水神１－７
ファミリーマート／大脇店,愛知県豊橋市大脇町字大脇３８－１
ファミリーマート／豊橋緑ヶ丘一丁目店,愛知県豊橋市緑ケ丘１丁目１２－３
ファミリーマート／豊橋船渡店,愛知県豊橋市船渡町字前田５８－４
ファミリーマート／豊橋仲ノ町店,愛知県豊橋市仲ノ町１５０－１
ローソンストア１００／豊橋向山町店,愛知県豊橋市向山町字三ノ輪２－１
ファミリーマート／豊橋南栄空池店,愛知県豊橋市南栄町字空池７０
ローソン／豊橋三郷北店,愛知県豊橋市神野新田町字タノ割８４－１
ファミリーマート／豊橋松井町店,愛知県豊橋市松井町字中新切１８－４
ファミリーマート／豊橋神野新田町店,愛知県豊橋市神野新田町字ルノ割３９
セブン‐イレブン／豊橋牛川通３丁目店,愛知県豊橋市牛川通３丁目１２－８
セブン‐イレブン／豊橋三ツ相町店,愛知県豊橋市三ツ相町３７２
ファミリーマート／豊橋富士見店,愛知県豊橋市南大清水町字富士見６０２－１９
ローソン／豊橋中央青果市場前店,愛知県豊橋市下地町字門５１－１
ローソン／豊橋菰口店,愛知県豊橋市菰口町１丁目３２－１
セブン‐イレブン／豊橋駅東店,愛知県豊橋市広小路１丁目５
ファミリーマート／豊橋花田町店,愛知県豊橋市花田町字越水１４４
ファミリーマート／豊橋西口町店,愛知県豊橋市西口町字西ノ口５－１
丸栄酒店,愛知県豊橋市牟呂市場町１７－１
ファミリーマート／豊橋上伝馬町店,愛知県豊橋市上伝馬町７１
ファミリーマート／豊橋向山才ノ神店,愛知県豊橋市向山町字水車１８－２
ファミリーマート／豊橋前田町一丁目店,愛知県豊橋市前田町１丁目７－３
ファミリーマート／豊橋中浜店,愛知県豊橋市中浜町４７
ファミリーマート／豊橋植田奥ノ谷店,愛知県豊橋市植田町字奥ノ谷７５－５
ファミリーマート／豊橋吉川店,愛知県豊橋市吉川町１５６－２
セブン‐イレブン／豊橋みゆき店,愛知県豊橋市西幸町字笠松２１８－１
ローソン／豊橋神ノ輪店,愛知県豊橋市神ノ輪町
セブン‐イレブン／豊橋高師町店,愛知県豊橋市高師町字北新切１１６－６
セブン‐イレブン／豊橋岩屋町店,愛知県豊橋市岩屋町字岩屋下４６－５
ファミリーマート／豊橋杉山町店,愛知県豊橋市杉山町字向山下７９
和泉屋,愛知県豊橋市佐藤５丁目２９－１１
ローソン／豊橋神野新田店,愛知県豊橋市神野新田町字ワノ割４８－１
ファミリーマート／豊橋朝丘店,愛知県豊橋市朝丘町９１
ファミリーマート／豊橋下地店,愛知県豊橋市下地町字豊麻１７
ファミリーマート／豊橋小鷹野店,愛知県豊橋市東小鷹野４丁目１－３
ローソン／豊橋大清水店,愛知県豊橋市南大清水町字元町２２２
ファミリーマート／豊橋東脇店,愛知県豊橋市東脇１丁目１３－８
ファミリーマート／豊橋大崎町店,愛知県豊橋市大崎町字境松８９－１
ミニストップ／豊橋東幸町店,愛知県豊橋市東幸町字東明８２－１４
セブン‐イレブン／豊橋多米中町店,愛知県豊橋市多米中町２丁目９－３
ミニストップ／豊橋神ノ輪町店,愛知県豊橋市神ノ輪町５６－３
セブン‐イレブン／豊橋東森岡１丁目店,愛知県豊橋市東森岡１丁目１１－１４
ファミリーマート／豊橋佐藤四丁目店,愛知県豊橋市佐藤４丁目４０－１
セブン‐イレブン／豊橋下地町店,愛知県豊橋市下地町字操穴２６
ミニストップ／鴨田町店,愛知県豊橋市鴨田町１６
ファミリーマート／豊橋緑ヶ丘店,愛知県豊橋市忠興２丁目１５－１
セブン‐イレブン／豊橋中岩田２丁目店,愛知県豊橋市中岩田２丁目８－８
デイリーヤマザキ／豊橋杉山店,愛知県豊橋市杉山町字谷下１３５－１
ファミリーマート／豊橋西部団地前店,愛知県豊橋市牟呂町字百間１－１
ファミリーマート／豊橋牟呂店,愛知県豊橋市神野新田町字イノ割１１１－１
セブン‐イレブン／豊橋老松町店,愛知県豊橋市老松町１５５
ローソンストア１００／豊橋南牛川店,愛知県豊橋市南牛川１丁目９－７
ミニストップ／豊橋前田南町店,愛知県豊橋市前田南町２丁目８－３
セブン‐イレブン／豊橋前田南１丁目店,愛知県豊橋市前田南町１丁目８－７
ローソン／豊橋前芝店,愛知県豊橋市西浜町１０－３
セブン‐イレブン／豊橋石巻町店,愛知県豊橋市石巻町字札辻１４６－１
ファミリーマート／豊橋駅東口店,愛知県豊橋市駅前大通１丁目４８
セブン‐イレブン／豊橋平川本町１丁目店,愛知県豊橋市平川本町１丁目１２－２
セブン‐イレブン／豊橋二川店,愛知県豊橋市大岩町字北山７８－１１
セブン‐イレブン／豊橋中原町店,愛知県豊橋市中原町字東山３４－２
ファミリーマート／豊橋石巻平野町店,愛知県豊橋市石巻平野町字炭焼２－９
ファミリーマート／豊橋東松山店,愛知県豊橋市東松山町１０１
ミニストップ／豊橋北山町店,愛知県豊橋市北山町１－１
ファミリーマート／豊橋草間町店,愛知県豊橋市草間町字二本松２－１
ファミリーマート／豊橋前田二丁目店,愛知県豊橋市前田町２丁目８－４
セブン‐イレブン／豊橋天伯町店,愛知県豊橋市天伯町字天伯２８－１
ファミリーマート／豊橋大岩店,愛知県豊橋市大岩町字北元屋敷４０－１９
セブン‐イレブン／豊橋飯村南４丁目店,愛知県豊橋市飯村南４丁目１－１
セブン‐イレブン／豊橋新栄町店,愛知県豊橋市新栄町字南小向１０１－１
ファミリーマート／豊橋小向店,愛知県豊橋市小向町字西小向１８－２
ローソン／豊橋牛川通店,愛知県豊橋市牛川通５丁目８－２
ファミリーマート／豊橋石巻本町東店,愛知県豊橋市石巻本町字東木ノ根５３
ファミリーマート／豊橋神野南店,愛知県豊橋市神野新田町字カノ割５７
ファミリーマート／豊橋東三ノ輪店,愛知県豊橋市三ノ輪町４丁目１５－１
ファミリーマート／豊橋向山町店,愛知県豊橋市向山町字水車４７－９
ファミリーマート／豊橋石塚店,愛知県豊橋市花田町字石塚４２－５
セブン‐イレブン／豊橋大岩町北山店,愛知県豊橋市大岩町字北山６－２６１
ファミリーマート／豊橋植田店,愛知県豊橋市植田町字西新切１３
ファミリーマート／豊橋西橋良店,愛知県豊橋市西橋良町２４
ファミリーマート／豊橋上野東店,愛知県豊橋市上野町字上ノ山６５－５
ファミリーマート／豊橋花田荒木店,愛知県豊橋市花田町字荒木３６－１
ファミリーマート／豊橋牛川通二丁目店,愛知県豊橋市牛川通２丁目１０－９
ファミリーマート／豊橋中郷店,愛知県豊橋市中郷町５
セブン‐イレブン／豊橋菰口町３丁目店,愛知県豊橋市菰口町３丁目６０
ファミリーマート／豊橋浜道店,愛知県豊橋市浜道町字新百々池７－５
ファミリーマート／豊橋長瀬町店,愛知県豊橋市長瀬町字郷西４６－１
ファミリーマート／豊橋弥生町店,愛知県豊橋市弥生町字東豊和１５５－１１
セブン‐イレブン／豊橋大井町店,愛知県豊橋市大井町４９－１
ファミリーマート／豊橋東岩田二丁目店,愛知県豊橋市東岩田２丁目２３－３
ニューヤマザキデイリーストア豊橋技科大店,愛知県豊橋市天伯町字雲雀ケ丘１－１－１Ｆ
ファミリーマート／豊橋南栄駅前店,愛知県豊橋市南栄町字空池４６－１
セブン‐イレブン／豊橋山田三番町店,愛知県豊橋市山田三番町９－２
ファミリーマート／豊橋賀茂町店,愛知県豊橋市賀茂町字森信４２－７
セブン‐イレブン／豊橋伊古部町店,愛知県豊橋市伊古部町字東荒子９５－１
ローソン／豊橋駅前大通一丁目店,愛知県豊橋市駅前大通１丁目１１９
ファミリーマート／豊橋市役所店,愛知県豊橋市今橋町１
ファミリーマート／豊橋天伯町店,愛知県豊橋市天伯町字六ツ美９６－５
ローソン／豊橋浜道店,愛知県豊橋市浜道町字南側７６－２
ローソン／豊橋小松店,愛知県豊橋市小松町１４６－１
ローソン／豊橋港インター店,愛知県豊橋市大山町字五分取１９
セブン‐イレブン／豊橋野依台店,愛知県豊橋市野依町字東物草７６－２
セブン‐イレブン／豊橋問屋町店,愛知県豊橋市問屋町２－５
セブン‐イレブン／豊橋三本木町店,愛知県豊橋市三本木町字新三本木２３
セブン‐イレブン／豊橋鴨田町店,愛知県豊橋市鴨田町４８
ファミリーマート／豊橋細谷町店,愛知県豊橋市細谷町字中尾１５９－３
セブン‐イレブン／豊橋牟呂町店,愛知県豊橋市牟呂町字百間５１－１
ローソン／豊橋三本木店,愛知県豊橋市三本木町字新三本木７８－４
ローソン／豊橋江島店,愛知県豊橋市江島町９６－１
セブン‐イレブン豊橋藤並町店,愛知県豊橋市藤並町字藤並４－３
